{"cameraMode":{"drawMode":0,"name":"Shaded","section":"Shading Mode"},"sceneLighting":false,"audioPlay":false,"sceneViewState":{"showFog":true,"showMaterialUpdate":true,"showSkybox":true,"showFlares":true,"showImageEffects":true,"showParticleSystems":true},"in2DMode":false,"pivot":{"x":525.58154296875,"y":181.19369506835938,"z":-51.25629425048828},"rotation":{"x":0.08986397832632065,"y":0.017926117405295373,"z":-0.0016177230281755329,"w":0.9957914352416992},"size":829.1033935546875,"orthographic":true}