{"cameraMode":{"drawMode":0,"name":"Shaded","section":"Shading Mode"},"sceneLighting":false,"audioPlay":false,"sceneViewState":{"showFog":true,"showMaterialUpdate":true,"showSkybox":true,"showFlares":true,"showImageEffects":true,"showParticleSystems":true},"in2DMode":false,"pivot":{"x":-0.2839999198913574,"y":0.6080000400543213,"z":0.0},"rotation":{"x":0.08986397832632065,"y":0.017926117405295373,"z":-0.0016177230281755329,"w":0.9957914352416992},"size":16.878793716430665,"orthographic":true}