{"cameraMode":{"drawMode":0,"name":"Shaded","section":"Shading Mode"},"sceneLighting":false,"audioPlay":false,"sceneViewState":{"showFog":true,"showMaterialUpdate":true,"showSkybox":true,"showFlares":true,"showImageEffects":true,"showParticleSystems":true},"in2DMode":false,"pivot":{"x":445.4555358886719,"y":220.02499389648438,"z":0.0},"rotation":{"x":0.09583955258131027,"y":-0.016423342749476434,"z":0.00158149772323668,"w":0.9952601194381714},"size":1021.432373046875,"orthographic":true}