{"cameraMode":{"drawMode":0,"name":"Shaded","section":"Shading Mode"},"sceneLighting":false,"audioPlay":false,"sceneViewState":{"showFog":true,"showMaterialUpdate":true,"showSkybox":true,"showFlares":true,"showImageEffects":true,"showParticleSystems":true},"in2DMode":false,"pivot":{"x":-1.299574851989746,"y":-2.7178170680999758,"z":0.0},"rotation":{"x":0.08986397832632065,"y":0.017926117405295373,"z":-0.0016177230281755329,"w":0.9957914352416992},"size":5.616725921630859,"orthographic":true}