{"cameraMode":{"drawMode":0,"name":"Shaded","section":"Shading Mode"},"sceneLighting":false,"audioPlay":false,"sceneViewState":{"showFog":true,"showMaterialUpdate":true,"showSkybox":true,"showFlares":true,"showImageEffects":true,"showParticleSystems":true},"in2DMode":false,"pivot":{"x":927.2021484375,"y":510.03656005859377,"z":0.0},"rotation":{"x":0.00297448574565351,"y":0.13012944161891938,"z":-0.0003903888282366097,"w":0.991492509841919},"size":1211.7950439453125,"orthographic":true}