{"cameraMode":{"drawMode":0,"name":"Shaded","section":"Shading Mode"},"sceneLighting":false,"audioPlay":false,"sceneViewState":{"showFog":true,"showMaterialUpdate":true,"showSkybox":true,"showFlares":true,"showImageEffects":true,"showParticleSystems":true},"in2DMode":false,"pivot":{"x":167.11959838867188,"y":252.07681274414063,"z":-0.41853970289230349},"rotation":{"x":0.09583955258131027,"y":-0.016423342749476434,"z":0.00158149772323668,"w":0.9952601194381714},"size":22.0,"orthographic":true}