{"cameraMode":{"drawMode":0,"name":"Shaded","section":"Shading Mode"},"sceneLighting":false,"audioPlay":false,"sceneViewState":{"showFog":true,"showMaterialUpdate":true,"showSkybox":true,"showFlares":true,"showImageEffects":true,"showParticleSystems":true},"in2DMode":false,"pivot":{"x":202.67498779296876,"y":72.43000793457031,"z":0.0},"rotation":{"x":0.08986397832632065,"y":0.017926117405295373,"z":-0.0016177230281755329,"w":0.9957914352416992},"size":789.2640380859375,"orthographic":true}