{"cameraMode":{"drawMode":0,"name":"Shaded","section":"Shading Mode"},"sceneLighting":false,"audioPlay":false,"sceneViewState":{"showFog":true,"showMaterialUpdate":true,"showSkybox":true,"showFlares":true,"showImageEffects":true,"showParticleSystems":true},"in2DMode":false,"pivot":{"x":48.07366943359375,"y":0.0,"z":-3.3531277179718019},"rotation":{"x":0.08986397832632065,"y":0.017926117405295373,"z":-0.0016177230281755329,"w":0.9957914352416992},"size":2323.2021484375,"orthographic":true}