{"cameraMode":{"drawMode":0,"name":"Shaded","section":"Shading Mode"},"sceneLighting":false,"audioPlay":false,"sceneViewState":{"showFog":true,"showMaterialUpdate":true,"showSkybox":true,"showFlares":true,"showImageEffects":true,"showParticleSystems":true},"in2DMode":false,"pivot":{"x":216.63192749023438,"y":92.9546890258789,"z":-66.4547119140625},"rotation":{"x":0.09583955258131027,"y":-0.016423342749476434,"z":0.00158149772323668,"w":0.9952601194381714},"size":1008.0365600585938,"orthographic":true}